<?xml version="1.0" encoding="UTF-8" standalone="no" ?>
<application xmlns="http://ns.adobe.com/air/application/2.5">

  <id>FriendsListMobile</id>

  <versionNumber>1.0.0</versionNumber>

  <versionLabel/>

  <filename>FriendsListMobile</filename>

  <description/>

  



  

<!-- To localize the description, use the following format for the description element.<description><text xml:lang="en">English App description goes here</text><text xml:lang="fr">French App description goes here</text><text xml:lang="ja">Japanese App description goes here</text></description>-->

  <name>FriendsListMobile</name>

  



  

<!-- To localize the name, use the following format for the name element.<name><text xml:lang="en">English App name goes here</text><text xml:lang="fr">French App name goes here</text><text xml:lang="ja">Japanese App name goes here</text></name>-->

  <copyright/>

  <initialWindow>
    <content>FriendsListMobile.swf</content>
    <systemChrome>standard</systemChrome>
    <transparent>false</transparent>
    <visible>true</visible>
    <fullScreen>false</fullScreen>
    <aspectRatio>portrait</aspectRatio>
    <renderMode>cpu</renderMode>
    <autoOrients>false</autoOrients>
  </initialWindow>

  <icon/>

  <customUpdateUI>false</customUpdateUI>

  <allowBrowserInvocation>false</allowBrowserInvocation>

  <android>
    <manifestAdditions>
      
      <![CDATA[<manifest>
<uses-permission android:name="android.permission.INTERNET"/>
</manifest>]]>
    </manifestAdditions>
  </android>




</application>
